,Neighborhood,crime10,crime11,crime12,crime13,crime14,viol10,viol11,viol12,viol13,viol14,prop11,prop12,prop13,prop14,juvarr11,juvviol11,juvdrug11,domvio10,domvio11,domvio12,shoot11,shoot12,caslt11,caslt12,narc11,narc12,caracc11,caracc12,gunhom11,gunhom12,gunhom13,gunhom14,arrest14,empl13,unempl13,nilf13,unempr13,lesshs13,hsdipl13,somecol13,wrkout10,wrkout11,comprop10,comprop11,comprop12,comprop13,crehab10,crehab11,crehab12,crehab13,banks11,banks12,banks13,numbus10,numbus11,numbus12,numbus13,totemp10,totemp11,totemp12,totemp13,smlbus10,smlbus11,smlbus12,smlbus13,biz1_10,biz1_11,biz1_12,biz1_13,biz2_10,biz2_11,biz2_12,biz2_13,biz4_10,biz4_11,biz4_12,biz4_13,neiind10,neiind11,neiind12,neiind13,neibus10,neibus11,neibus12,neibus13,neiemp10,neiemp11,neiemp12,neiemp13,prbprl12,eattend10,eattend11,eattend12,eattend13,mattend10,mattend11,mattend12,mattend13,hsattend10,hsattend11,hsattend12,hsattend13,eenrol11,eenrol12,eenrol13,menrol11,menrol12,menrol13,hsenrol11,hsenrol12,hsenrol13,aastud10,aastud11,aastud12,aastud13,wstud10,wstud11,wstud12,wstud13,hstud10,hstud11,hstud12,hstud13,abse10,abse11,abse12,abse13,absmd10,absmd11,absmd12,absmd13,abshs10,abshs11,abshs12,abshs13,susp10,susp11,susp12,susp13,farms10,farms11,farms12,farms13,sped10,sped11,sped12,sped13,ready11,ready12,ready13,math310,math311,math312,math313,read310,read311,read312,read313,math510,math511,math512,math513,read510,read511,read512,read513,math810,math811,math812,math813,read810,read811,read812,read813,hsaeng10,hsaeng11,hsaeng12,hsaeng13,hsabio10,hsabio11,hsabio12,hsabio13,hsagov10,hsagov11,hsagov13,hsaalg10,hsaalg11,hsaalg12,hsaalg13,drop10,drop11,drop12,drop13,compl10,compl11,compl12,compl13,sclsw11,sclsw12,sclsw13,sclemp13
0,Allendale/Irvington/S. Hilton,40.6,46.2,45.4,47.3,55.1,12.6,12.5,13.9,12.6,10.1,33.7,31.6,33.9,44.5,54.8,12.4,22.2,59.4,65.4,61.0,2.5,2.3,84.4,79.7,78.8,79.7,44.0,43.0,0.2,0.6,0.4,0.4,34.5,60.3,13.2,26.5,17.9,23.7,64.6,11.7,60.3,59.0,279,278,284,281,13.3,8.6,13.7,10.0,0.0,0.0,0.0,269,237,253,281,2778,2502,2629,2795,255,226,242,269,8.9,11.0,9.5,3.9,19.3,15.6,24.5,19.2,33.8,29.1,34.8,39.9,183,161,162,173,11.3,9.9,10.0,10.7,1503,1378,1370,1467,6.2,1118,1037,999,939,747,624,586,593,1064,930,862,844,965,973,920,582,568,572,852,833,807,94.9,93.9,93.0,93.4,2.9,3.5,3.9,3.7,0.8,1.5,2.1,1.9,14.7,20.6,15.6,16.6,28.8,20.0,14.7,14.7,41.2,38.3,39.0,35.7,9.5,10.4,10.0,7.6,86.1,86.1,79.3,87.8,16.9,16.7,17.3,18.1,68.4,70.6,88.2,67.2,73.5,69.8,64.8,59.6,60.9,59.6,63.6,67.0,55.9,65.0,59.7,76.1,69.2,81.0,77.5,23.7,27.9,38.0,37.2,45.1,54.4,62.4,60.4,38.0,34.1,32.3,27.5,41.0,31.2,32.2,30.3,53.0,46.0,38.5,19.9,20.6,17.9,17.9,3.8,4.9,2.7,2.7,80.3,83.9,78.1,78.1,6.8,9.6,9.6,71.0
1,Beechfield/Ten Hills/West Hills,33.6,36.1,36.6,36.0,46.6,8.4,7.2,7.0,6.4,6.9,28.9,29.6,28.7,38.7,22.0,9.1,5.3,47.9,44.8,42.4,2.0,1.1,51.2,50.6,24.7,32.6,31.9,29.8,0.2,0.2,0.0,0.1,16.5,62.8,10.8,26.4,14.6,12.7,63.4,23.9,62.5,66.9,47,47,46,46,25.5,27.7,4.3,19.6,0.1,0.1,0.1,154,136,141,174,1462,1329,1383,1378,148,130,134,166,3.9,8.1,4.3,5.7,22.1,12.5,12.1,19.5,32.5,30.1,29.8,36.2,98,87,88,100,8.0,7.1,7.2,8.2,753,663,684,673,3.7,574,647,605,606,349,351,370,379,511,516,494,507,597,583,580,317,364,365,463,474,490,95.4,95.6,95.6,94.5,2.1,2.5,2.5,2.9,0.6,1.2,1.1,1.5,6.4,17.9,9.9,12.0,11.7,11.1,10.3,10.0,29.9,31.4,29.1,23.7,8.1,6.7,8.4,4.9,76.3,77.8,69.6,79.1,12.7,12.9,14.0,14.3,44.2,71.8,82.4,76.7,75.9,73.6,77.0,69.9,69.2,73.8,73.5,79.8,63.2,74.6,71.9,88.3,78.7,80.3,82.0,29.2,39.6,39.8,42.9,56.7,77.0,66.7,75.2,43.6,37.1,36.8,44.6,47.6,41.3,45.9,50.3,60.1,52.3,53.9,24.6,22.7,28.1,28.1,2.0,1.9,3.0,3.0,85.9,80.3,82.1,82.1,5.1,5.6,5.6,81.1
2,Belair-Edison,50.3,57.1,52.7,57.4,56.6,13.3,14.1,14.9,12.3,10.2,43.0,37.7,43.3,45.4,54.8,17.5,16.2,51.1,57.8,60.9,1.5,2.2,77.6,81.5,50.2,53.9,45.4,46.1,0.3,0.3,0.5,0.3,41.6,61.9,11.9,26.2,16.2,18.7,66.0,15.4,48.5,49.4,165,165,165,164,8.5,10.9,8.5,6.7,0.2,0.1,0.1,225,224,251,258,1590,1540,1605,1540,217,217,244,245,8.9,12.1,7.6,4.7,22.7,18.8,23.5,16.3,31.6,31.3,38.6,39.9,172,172,189,183,9.9,9.9,10.9,10.5,1044,915,1008,896,6.8,1162,1241,1174,1149,831,773,746,714,1219,1178,1126,1117,1160,1141,1114,741,723,701,1084,1091,1080,96.9,97.0,96.7,96.1,1.3,1.5,1.4,1.4,0.3,0.7,1.2,1.6,14.0,18.9,16.8,16.3,12.4,13.1,14.9,8.8,41.1,44.0,41.5,34.5,9.9,8.6,8.7,9.8,85.5,84.4,78.8,86.0,16.0,16.7,17.4,16.5,69.0,57.6,75.3,76.9,68.1,70.4,60.0,69.8,67.7,62.2,57.7,74.8,60.3,70.1,59.9,79.0,69.8,76.4,70.9,30.6,44.8,38.0,38.6,57.3,65.6,57.5,60.8,32.5,33.4,32.2,30.6,36.9,33.7,32.7,36.3,39.0,40.7,41.9,23.0,18.7,18.6,18.6,4.0,4.2,3.8,3.8,82.9,79.9,77.4,77.4,7.2,7.6,7.6,78.5
3,Brooklyn/Curtis Bay/Hawkins Point,81.7,79.1,62.1,61.3,54.9,25.3,21.3,15.2,16.1,14.1,57.8,46.9,43.7,40.1,83.3,16.8,30.8,68.0,74.1,63.5,2.9,2.1,158.5,144.6,101.1,85.0,39.9,39.6,0.3,0.2,0.1,0.2,94.1,54.6,14.7,30.7,21.2,34.8,59.1,6.1,72.7,75.8,880,838,856,828,5.2,7.4,13.7,7.2,0.1,0.1,0.1,329,414,317,528,6127,6696,4945,6643,297,386,291,493,2.7,7.5,6.9,5.3,10.9,15.0,14.8,23.5,21.9,30.7,23.0,41.9,161,208,153,259,11.3,14.6,10.7,18.2,1227,1463,1114,1850,8.6,1011,1093,997,1050,525,481,479,512,615,537,552,519,966,933,972,420,446,480,474,534,482,58.9,58.3,58.2,55.8,31.1,31.6,30.2,30.3,6.6,8.3,9.5,11.9,19.6,19.8,20.1,19.1,21.3,24.5,24.0,25.4,36.3,46.9,48.2,39.3,8.0,6.7,7.6,11.4,85.8,88.5,78.5,90.5,20.3,18.5,18.6,18.2,42.9,84.2,70.9,82.4,75.9,78.0,68.9,74.5,69.2,63.2,62.0,70.8,60.9,63.1,60.2,81.2,74.0,72.5,64.8,32.5,26.5,38.1,26.1,56.3,68.1,62.8,60.3,39.2,36.8,30.9,38.5,45.4,37.7,46.2,46.2,55.6,48.4,59.0,30.5,25.5,21.3,21.3,5.2,3.5,4.8,4.8,78.5,75.4,70.5,70.5,6.2,8.0,8.0,91.9
4,Canton,61.0,64.8,57.9,56.4,46.5,8.3,7.7,6.7,6.9,6.3,57.2,51.2,49.1,39.5,81.5,14.8,7.4,34.3,39.6,35.8,0.0,0.1,46.2,44.3,4.0,3.7,32.8,34.6,0.0,0.0,0.0,,8.6,83.7,4.0,12.3,4.6,7.4,29.0,63.7,53.7,50.5,205,210,208,207,14.1,13.3,13.5,9.7,0.5,0.2,0.2,314,322,364,400,2653,2516,2921,2906,307,316,352,384,7.6,10.9,11.5,5.3,17.8,17.7,26.1,24.5,33.4,34.2,39.0,42.3,214,230,248,288,26.4,28.4,30.6,35.6,2029,1887,2211,2261,1.1,90,76,89,84,32,37,38,39,49,37,30,29,69,82,79,32,36,35,30,26,28,19.6,17.2,19.1,16.4,59.8,54.6,51.3,54.5,17.5,19.0,21.1,25.4,7.8,6.6,6.7,6.0,21.9,13.5,13.2,12.8,22.4,29.7,20.0,34.5,8.5,7.5,3.5,5.3,73.5,71.0,61.8,67.7,17.5,14.9,11.6,10.6,84.2,45.5,96.0,100.0,75.0,88.9,80.0,90.0,83.3,77.8,80.0,81.8,50.0,76.9,83.3,100.0,71.4,92.3,83.3,77.8,66.7,45.5,60.0,88.9,75.0,72.7,80.0,42.9,30.8,55.6,60.0,50.0,25.0,78.6,37.5,18.2,63.6,25.0,39.3,42.9,37.5,37.5,4.1,8.1,0.0,0.0,75.0,66.7,100.0,100.0,2.7,1.9,1.9,92.1
5,Cedonia/Frankford,43.7,48.4,46.7,52.2,52.3,12.0,11.3,12.1,11.8,12.8,37.1,34.6,39.5,38.8,46.5,9.5,10.7,60.2,70.2,66.7,0.8,0.8,10.7,61.6,22.8,24.2,26.5,24.8,0.3,0.3,0.0,0.4,21.7,64.8,10.2,25.0,13.7,17.9,69.4,12.7,53.1,50.0,231,231,231,231,7.8,9.5,6.9,7.8,0.3,0.1,0.1,426,379,407,451,3281,2935,2963,2859,414,368,397,439,9.4,10.6,9.8,6.9,22.3,17.7,21.1,19.1,36.2,33.5,35.6,39.5,316,280,297,316,13.4,11.9,12.6,13.4,2255,1998,2073,1952,5.1,1284,1451,1425,1379,729,844,758,749,1477,1315,1251,1210,1309,1337,1319,767,734,716,1178,1182,1162,91.3,88.5,86.3,86.9,3.5,4.2,4.1,3.8,0.9,1.2,1.8,1.9,10.5,13.8,10.0,8.9,9.1,12.1,13.5,7.3,35.5,36.3,32.0,30.0,9.1,6.7,6.8,5.6,80.5,80.9,73.1,82.5,16.9,15.7,16.0,16.0,75.4,74.6,84.9,65.7,72.1,71.5,63.1,55.8,66.0,62.9,59.8,67.9,58.6,72.2,72.4,72.9,74.9,67.7,71.3,31.9,41.3,36.1,42.4,52.2,59.5,53.6,65.0,31.0,30.2,31.4,29.4,39.4,34.1,32.7,35.8,44.2,41.1,35.1,22.7,21.1,18.7,18.7,2.6,3.0,3.8,3.8,82.1,82.3,83.9,83.9,5.2,6.5,6.5,90.2
6,Cherry Hill,60.0,64.7,59.1,50.6,53.5,22.6,22.2,19.6,16.2,15.5,42.6,39.5,33.2,37.1,61.6,13.8,29.4,62.9,71.1,78.6,6.0,5.2,110.2,125.1,97.4,94.6,25.2,21.6,0.5,0.4,0.4,0.1,77.0,50.8,14.2,35.0,21.9,23.2,69.4,7.4,57.1,53.2,91,93,93,93,29.7,38.7,23.7,11.8,0.0,0.0,0.0,88,138,100,161,872,1198,1190,1498,84,132,95,150,3.4,9.4,5.0,3.1,5.7,18.8,16.0,19.3,14.8,26.8,21.0,36.6,47,85,56,108,5.7,10.4,6.8,13.2,353,625,641,669,7.5,833,818,845,830,412,391,420,452,584,547,514,530,778,817,805,370,412,444,507,493,519,97.6,97.9,96.9,96.4,0.5,0.8,1.0,1.0,0.0,0.7,1.6,2.0,14.3,21.5,18.9,18.7,17.0,19.2,19.5,18.4,44.2,50.6,46.7,44.0,10.5,7.2,10.5,10.5,91.3,92.3,88.5,94.1,19.6,17.7,17.9,17.7,68.3,82.1,84.8,69.6,57.9,64.7,72.7,68.5,54.1,56.7,65.2,64.3,52.3,64.1,54.3,67.5,55.7,67.3,61.1,34.0,32.7,29.7,32.0,54.9,57.0,45.9,47.2,29.7,29.6,27.2,26.4,32.0,27.2,36.4,25.3,43.6,40.7,37.7,23.2,25.0,21.9,21.9,3.9,4.9,3.2,3.2,76.4,85.3,84.4,84.4,8.9,9.6,9.6,86.2
7,Chinquapin Park/Belvedere,43.6,33.4,44.5,42.8,47.7,12.6,7.1,9.0,9.2,9.0,26.3,35.5,32.9,37.9,37.9,10.2,7.3,39.7,44.2,47.3,0.3,1.2,60.1,64.0,17.9,27.2,38.9,35.1,0.0,0.4,0.1,,13.4,73.1,9.2,17.6,11.2,11.3,54.2,34.4,55.1,48.4,57,57,56,56,10.5,17.5,21.4,28.6,0.3,0.4,0.4,140,128,145,172,1170,1153,1211,1305,136,124,140,164,5.7,7.0,9.7,6.4,21.4,10.9,20.0,22.7,32.1,28.9,35.2,37.8,106,99,107,123,13.7,12.8,13.8,15.5,880,868,891,963,4.2,381,391,388,362,228,216,207,203,351,338,306,307,368,369,352,203,199,196,301,291,299,93.3,91.7,90.4,91.3,3.6,4.7,4.8,5.0,0.4,2.0,2.7,1.7,10.5,12.3,10.6,10.5,9.2,10.6,6.3,12.8,34.5,29.6,31.7,28.3,6.5,7.2,8.0,7.2,79.6,75.7,68.1,75.3,15.4,16.7,16.6,15.2,68.1,73.1,84.3,86.6,87.0,89.4,77.0,82.1,83.1,80.6,71.6,73.8,75.0,79.5,79.5,87.7,83.8,83.3,90.4,30.3,37.3,41.5,44.4,42.4,51.7,59.7,66.7,44.7,38.1,31.3,39.2,44.0,32.7,35.8,42.0,47.1,56.2,60.5,22.7,23.6,14.8,14.8,4.3,2.4,2.6,2.6,76.4,84.1,82.4,82.4,5.6,7.3,7.3,82.3
8,Claremont/Armistead,52.6,63.2,49.0,50.1,46.3,13.2,12.6,8.9,7.9,9.8,50.5,40.1,41.7,36.0,18.7,7.7,3.3,60.4,68.8,67.4,0.9,1.5,10.9,67.8,19.9,25.4,60.1,64.4,0.1,0.1,0.0,,29.2,62.3,11.0,26.7,15.0,25.1,63.9,11.0,56.7,61.6,183,182,186,186,10.4,7.7,9.1,10.8,0.0,0.0,0.0,177,185,190,214,2681,3024,2749,2713,162,168,176,196,7.3,7.0,7.9,4.7,14.7,14.1,16.8,18.7,27.7,26.5,28.4,36.9,76,77,86,84,9.2,9.4,10.4,10.2,1124,1243,1137,938,4.5,538,605,575,671,267,259,274,312,343,356,338,369,548,557,645,234,257,295,309,323,354,58.7,57.4,56.2,57.4,23.8,20.9,19.2,17.4,14.4,18.6,21.6,23.2,14.1,12.7,9.9,11.9,15.4,13.9,12.4,9.0,41.4,44.7,42.0,38.5,4.8,4.8,3.8,4.1,81.9,86.6,81.0,88.9,15.6,13.6,13.8,13.8,77.6,86.8,84.0,82.9,86.5,83.5,87.9,57.3,77.7,68.7,78.5,70.1,72.6,75.0,83.8,83.6,77.9,77.4,82.7,32.6,43.2,48.7,46.7,56.2,60.8,67.6,66.3,27.3,35.9,32.5,27.5,51.9,46.0,38.7,35.0,48.2,43.1,47.7,28.6,21.6,22.2,22.2,3.2,1.4,6.1,6.1,80.3,81.5,78.4,78.4,4.9,6.4,6.4,84.4
9,Clifton-Berea,57.9,61.0,56.4,57.1,55.0,23.3,23.5,20.0,15.4,16.8,37.5,36.5,40.2,36.8,144.9,33.2,63.7,49.7,63.5,61.8,7.3,3.9,121.0,130.5,201.9,264.8,47.0,45.8,0.6,0.8,0.6,0.6,131.9,44.9,10.0,45.1,18.2,27.4,65.4,7.2,49.1,45.8,149,149,150,149,6.7,4.7,19.3,8.7,0.0,0.0,0.0,182,169,164,162,2009,1487,1448,1282,173,161,156,149,4.9,7.7,5.5,9.3,15.9,11.2,13.4,20.4,34.1,29.0,26.2,30.9,132,126,120,118,13.4,12.8,12.2,12.0,709,732,721,614,10.9,879,787,754,772,523,439,426,421,784,678,588,555,734,734,741,410,420,407,605,577,541,98.2,98.6,98.4,98.4,0.3,0.6,0.7,0.6,0.4,0.5,0.5,0.5,15.4,23.0,16.6,16.2,18.0,21.0,21.6,16.4,42.2,48.5,51.0,43.4,10.4,11.3,10.2,9.0,89.9,91.9,82.9,93.0,16.8,16.3,15.9,16.3,69.4,78.1,79.0,62.5,77.7,57.5,57.4,62.5,67.6,48.9,54.7,64.6,53.9,50.7,51.5,70.8,61.7,52.1,65.2,25.2,33.6,26.9,19.8,42.8,53.9,43.9,47.4,24.5,26.1,23.0,17.5,33.5,25.8,29.5,26.6,40.2,34.3,33.3,23.1,20.0,20.3,20.3,4.6,5.5,6.0,6.0,77.7,80.8,81.3,81.3,8.9,9.9,9.9,82.5
10,Cross-Country/Cheswolde,15.4,15.3,14.7,17.5,14.6,1.8,1.2,1.2,1.0,0.5,14.0,13.5,16.1,14.0,13.8,1.4,0.0,22.6,19.4,20.6,0.0,,12.2,12.5,1.6,1.0,9.6,10.5,0.0,0.0,0.0,,1.4,70.6,6.4,23.0,8.3,4.7,40.0,55.3,59.6,53.8,24,24,24,24,20.8,16.7,16.7,4.2,0.0,0.0,0.0,209,193,207,269,1088,979,1151,1231,207,191,204,260,3.3,9.3,5.8,2.6,22.0,13.0,19.3,19.7,40.7,38.9,38.2,45.7,138,124,132,178,10.6,9.5,10.1,13.7,563,517,612,700,0.8,194,259,254,210,108,140,128,114,124,160,144,140,232,244,200,122,125,104,139,138,127,74.4,75.2,79.2,77.1,4.9,8.4,6.4,8.4,4.7,6.6,6.8,7.3,8.8,8.1,5.9,11.0,1.9,4.3,6.3,7.0,26.6,26.3,22.9,22.9,5.9,3.2,3.8,1.3,56.4,63.1,56.8,64.9,14.3,14.1,14.2,13.4,43.9,70.7,69.2,86.4,83.0,81.5,76.1,90.9,84.4,75.9,78.3,66.7,85.4,76.2,73.3,76.2,90.2,90.5,86.7,58.3,54.3,64.9,69.2,72.2,76.5,89.5,78.4,42.4,46.2,43.6,46.8,73.1,53.8,46.7,52.9,63.3,51.2,71.0,34.0,40.0,23.5,23.5,2.4,3.1,0.7,0.7,76.9,80.0,75.8,75.8,2.9,3.9,3.9,99.2
11,Dickeyville/Franklintown,49.5,42.2,38.0,38.0,29.3,7.1,6.1,8.5,7.8,7.8,36.1,29.5,29.7,21.2,29.5,6.8,11.3,55.4,57.5,45.4,1.0,2.4,67.5,57.5,19.3,45.6,51.0,44.9,0.0,0.5,0.0,,28.6,64.1,7.3,28.6,10.3,13.6,66.3,20.1,58.1,54.7,29,30,30,30,3.4,16.7,46.7,13.3,0.0,0.0,0.0,32,39,32,55,258,310,212,282,31,37,31,53,3.1,5.1,9.4,3.6,15.6,12.8,18.8,21.8,37.5,35.9,28.1,34.5,18,17,14,36,4.4,4.1,3.4,8.8,135,91,82,168,4.4,219,233,209,221,124,115,103,110,183,157,150,126,210,187,211,101,97,104,139,147,119,97.5,97.8,96.7,97.2,0.5,1.0,2.0,1.5,0.5,0.9,1.1,1.1,10.5,12.4,7.7,10.4,22.6,19.1,10.7,10.9,36.1,38.2,42.0,42.1,8.9,7.6,7.2,7.2,81.4,82.0,72.3,85.6,9.8,11.7,13.3,14.2,57.5,80.9,84.8,94.4,60.0,78.6,89.1,88.9,60.0,73.8,87.0,73.5,66.7,90.3,74.1,85.3,76.9,83.9,69.2,21.3,26.8,40.0,44.8,48.9,70.7,52.0,69.0,43.1,47.6,32.7,31.0,47.6,42.2,33.3,20.5,51.1,48.6,57.1,20.5,22.4,25.0,25.0,2.7,1.3,2.0,2.0,78.6,80.0,84.8,84.8,6.9,7.1,7.1,100.0
12,Dorchester/Ashburton,52.4,50.7,48.7,55.1,56.4,15.4,16.4,13.5,14.5,12.6,34.3,35.2,38.8,42.8,56.3,11.8,14.3,51.6,49.0,52.0,2.3,1.9,82.7,84.3,82.8,101.7,45.8,37.1,0.3,0.3,0.1,0.6,28.3,55.2,14.0,30.8,20.3,17.0,66.3,16.7,53.8,62.2,116,116,117,117,7.8,6.0,6.0,11.1,0.0,0.0,0.0,173,177,184,211,1438,1173,1430,1434,166,172,177,200,12.1,10.7,12.0,8.1,23.7,20.9,23.9,26.1,37.6,32.8,39.7,45.0,136,137,141,151,11.5,11.6,12.0,12.8,727,564,822,789,5.2,578,644,642,618,404,376,340,325,732,656,599,557,607,618,598,352,331,318,599,580,535,97.6,97.4,97.1,97.2,0.4,1.2,0.9,0.9,0.2,0.9,1.1,1.2,11.1,14.0,11.2,11.5,9.4,13.8,13.2,9.2,37.0,35.5,32.1,30.0,9.3,8.7,9.2,7.5,78.6,79.2,73.3,83.1,16.4,15.9,17.4,16.9,40.3,65.0,58.9,82.1,73.9,72.5,77.3,78.6,73.0,66.1,67.6,71.9,72.1,78.7,66.4,80.2,85.6,79.7,68.4,31.4,38.2,31.1,41.2,60.2,61.8,59.1,59.6,37.6,37.9,29.7,33.5,38.7,32.2,35.2,38.1,50.6,43.8,50.5,21.8,19.8,17.2,17.2,4.5,3.0,4.1,4.1,80.7,79.3,81.8,81.8,7.7,9.8,9.8,92.1
13,Downtown/Seton Hill,424.4,417.4,331.4,292.0,243.3,97.9,94.1,64.8,67.8,58.8,323.3,266.5,220.9,180.0,1005.6,355.6,227.8,91.9,102.2,81.3,12.0,10.4,599.1,467.9,389.8,378.2,550.2,429.3,0.5,0.2,0.2,0.3,241.5,64.0,3.1,32.9,4.6,8.8,27.4,63.8,40.90000000000001,39.5,1260,1240,1240,1242,23.3,26.6,25.2,22.8,5.6,3.6,3.6,2985,2730,2923,3353,85143,86930,85752,83488,2818,2594,2705,3146,7.3,8.5,6.6,4.8,19.2,14.3,17.9,25.0,35.9,31.1,31.5,38.7,2210,2041,2176,2573,456.2,421.3,337.6,396.5,58327,53390,62369,55415,2.2,111,78,94,107,45,56,43,47,80,75,72,71,75,86,99,54,42,44,65,69,67,93.0,92.2,89.1,86.7,2.2,2.8,4.8,7.1,1.1,0.4,2.4,2.0,8.1,23.1,12.8,14.0,22.2,25.0,14.0,14.9,40.0,36.0,38.9,40.8,4.8,7.5,8.9,9.3,84.4,86.6,76.2,86.3,17.0,18.4,17.3,16.9,70.4,91.3,75.0,60.0,80.0,66.7,61.1,60.0,85.0,80.0,55.6,62.5,77.8,46.2,61.1,79.2,44.4,61.5,52.9,23.5,25.0,33.3,47.4,52.9,37.5,55.6,57.9,41.2,45.0,53.6,26.1,33.3,43.5,35.0,31.0,47.1,36.8,44.4,32.4,25.0,13.8,13.8,5.0,1.3,0.0,0.0,82.4,90.9,93.3,93.3,6.7,8.1,8.1,82.9
14,Edmondson Village,28.5,40.5,43.8,36.8,38.9,8.2,10.1,11.1,8.9,8.6,30.4,32.7,27.5,29.7,58.7,7.8,29.9,43.4,43.2,44.3,2.0,2.0,60.6,62.9,82.2,65.4,28.7,33.9,0.5,0.3,0.4,0.8,25.3,58.0,17.0,25.0,22.7,20.5,71.0,8.5,59.3,58.0,32,32,32,32,6.3,6.3,28.1,12.5,0.0,0.0,0.0,55,58,65,65,501,380,394,411,53,57,64,62,7.3,10.3,7.7,4.6,16.4,17.2,24.6,23.1,27.3,32.8,36.9,36.9,42,41,49,47,5.3,5.2,6.2,5.9,307,200,225,218,6.9,520,532,494,475,325,341,309,293,614,584,505,483,504,476,462,313,304,288,540,503,469,99.0,99.0,99.1,98.9,0.3,0.3,0.2,0.2,0.1,0.5,0.5,0.7,16.7,17.1,12.3,14.5,38.2,12.9,18.4,14.7,45.1,45.5,42.4,35.8,11.8,9.5,11.7,6.2,86.0,84.0,79.4,87.5,16.9,16.2,17.2,16.9,77.8,74.5,87.0,80.8,54.5,51.0,66.3,74.7,53.6,46.9,65.0,57.0,65.6,63.9,54.5,78.0,77.1,71.4,60.2,31.7,31.4,32.0,25.3,57.4,52.3,50.0,53.0,35.6,33.0,32.1,22.5,45.5,32.8,35.0,33.9,54.2,43.3,56.0,22.3,19.7,18.0,18.0,3.1,3.8,1.4,1.4,77.7,77.0,83.6,83.6,7.5,9.8,9.8,97.4
15,Fells Point,62.3,87.8,91.0,78.2,71.0,13.5,17.5,17.5,15.4,13.5,70.4,73.6,61.7,57.0,27.5,3.9,3.9,40.5,39.9,48.7,0.6,0.2,74.8,81.0,13.5,13.6,49.9,50.6,0.0,0.0,0.2,,23.5,80.8,4.3,14.8,5.1,11.0,25.6,63.4,47.4,43.1,526,527,528,525,9.9,13.1,20.3,11.8,0.6,0.6,0.6,491,462,514,528,5649,5572,5929,5566,474,445,495,505,8.4,7.6,7.4,5.9,20.6,12.1,19.1,23.5,34.6,30.5,31.7,39.6,362,346,376,384,40.0,38.3,41.6,42.5,4801,4742,5020,4643,1.1,188,162,184,190,59,54,58,69,100,72,68,84,145,176,186,48,53,66,60,59,77,28.5,16.2,15.1,22.2,20.5,26.4,25.9,24.8,43.0,51.1,53.1,48.2,6.9,4.9,5.4,6.8,11.9,5.6,13.8,8.7,43.0,48.6,44.1,27.4,6.2,4.1,5.2,7.3,73.8,75.5,71.6,75.9,16.6,13.7,15.6,13.2,64.0,50.0,88.7,87.8,92.3,86.1,77.5,78.0,73.1,82.9,77.5,75.9,72.7,84.6,79.2,82.8,90.5,88.5,87.0,42.9,42.9,72.7,54.5,76.2,57.1,72.7,81.0,41.7,22.2,51.9,35.7,42.9,31.3,66.7,52.2,50.0,72.2,66.7,44.4,26.7,31.8,31.8,4.0,2.8,8.3,8.3,72.2,92.3,53.8,53.8,3.1,1.9,1.9,90.7
16,Forest Park/Walbrook,48.7,45.3,46.8,51.4,50.0,10.4,11.8,11.8,13.1,11.8,33.5,35.0,37.6,37.8,27.4,4.7,5.7,51.4,51.1,56.7,3.5,3.5,74.1,88.2,91.1,63.0,31.6,32.3,0.6,0.8,0.3,0.4,24.8,57.7,9.5,32.9,14.2,19.0,63.5,17.6,56.0,60.5,53,52,52,52,20.8,3.8,7.7,5.8,0.0,0.0,0.0,146,142,142,163,767,691,652,631,144,141,142,160,13.7,12.0,7.7,9.2,26.0,23.9,24.6,23.3,39.7,43.0,41.5,47.2,114,108,110,119,11.6,11.0,11.2,12.1,549,456,483,475,6.5,551,583,548,599,369,330,318,328,603,535,463,510,528,532,566,305,310,314,487,446,485,97.8,97.8,97.9,97.7,0.5,0.5,0.6,0.6,0.4,1.1,0.9,1.1,13.1,14.8,8.4,9.8,16.3,17.6,17.0,12.8,41.1,43.2,40.0,32.7,8.1,9.0,9.0,9.1,83.9,84.2,76.4,86.1,19.9,18.1,17.9,16.3,70.7,75.4,79.6,83.8,82.5,80.4,75.5,74.3,80.6,79.3,72.3,75.3,75.5,85.1,78.8,85.4,87.3,84.3,76.1,17.4,30.1,32.5,41.3,47.1,63.9,55.3,61.5,39.7,35.7,27.4,35.8,46.6,35.9,37.7,40.0,50.0,43.4,55.1,25.5,24.1,23.5,23.5,3.8,4.1,4.6,4.6,74.1,76.4,80.2,80.2,6.9,9.8,9.8,78.7
17,Glen-Fallstaff,53.6,51.6,55.0,58.3,51.8,11.7,11.4,13.3,12.2,11.3,40.2,41.6,44.9,39.8,41.4,4.8,8.3,47.2,49.3,47.7,0.5,1.1,70.7,70.5,54.0,48.9,72.6,72.1,0.1,0.0,0.2,0.1,22.4,65.0,10.4,24.6,13.7,19.8,55.0,25.2,56.3,42.0,333,332,332,332,7.5,13.6,7.5,8.1,0.3,0.3,0.2,711,672,704,760,8523,6052,8028,8267,683,646,656,724,8.0,6.3,7.5,4.6,21.0,14.6,15.5,18.7,33.8,32.6,31.4,34.7,484,451,460,498,32.5,30.2,30.8,33.4,3688,3542,3526,3707,3.3,421,589,548,630,306,333,309,387,506,468,446,493,538,527,598,311,300,343,411,434,472,88.1,87.6,86.3,83.3,4.3,3.8,3.8,4.5,2.4,6.4,7.9,10.1,8.8,11.5,7.1,9.5,7.8,9.9,6.1,8.5,30.8,30.1,32.1,27.4,8.6,7.2,7.0,5.2,71.5,75.9,69.3,77.5,15.2,15.3,15.4,14.0,61.5,67.7,66.4,69.3,74.3,80.4,73.6,69.3,70.4,69.1,67.8,54.5,72.2,69.2,67.0,77.9,79.6,81.0,77.4,35.0,54.1,48.5,55.4,60.2,69.6,63.9,71.3,45.2,42.1,46.9,39.5,49.1,41.8,50.7,43.6,50.0,52.0,52.8,27.7,31.0,17.7,17.7,2.2,3.8,2.2,2.2,79.5,73.4,82.0,82.0,5.0,6.1,6.1,88.8
18,Greater Charles Village/Barclay,74.3,67.3,69.2,70.1,68.8,17.1,15.2,16.2,14.9,16.7,52.1,53.0,54.1,51.6,324.0,98.0,46.0,43.3,41.3,47.0,1.7,1.8,76.4,84.8,59.7,59.2,53.9,51.6,0.2,0.3,0.3,0.2,34.9,50.5,6.3,43.2,11.1,13.7,42.5,43.8,49.2,58.0,630,626,614,615,18.9,17.7,20.7,18.0,0.2,0.2,0.2,884,842,896,995,10955,7377,7585,7764,862,823,870,959,10.2,10.0,9.8,5.5,21.9,18.5,22.2,23.0,40.0,36.5,36.7,39.9,668,652,669,741,40.8,39.8,40.8,45.2,8545,4879,5182,5390,2.7,388,359,356,382,214,200,184,204,283,282,269,285,333,346,366,185,180,193,245,258,276,88.5,84.8,83.2,84.2,5.9,7.9,9.3,8.5,1.8,3.5,4.1,4.1,11.6,14.2,14.9,12.0,15.4,13.5,11.4,13.7,44.5,43.3,37.2,36.8,7.7,5.9,5.4,5.9,84.2,83.1,77.5,83.5,17.1,14.5,15.2,14.4,74.0,67.9,81.0,77.3,73.9,82.0,69.4,71.1,58.5,75.0,70.8,67.1,71.4,77.3,70.5,78.9,80.4,80.3,85.0,44.3,29.4,38.5,48.6,53.2,68.0,71.2,72.2,33.3,38.0,46.2,38.3,37.1,52.2,49.4,38.1,37.3,53.5,54.2,28.3,24.7,21.3,21.3,3.9,4.6,3.2,3.2,76.3,76.9,77.6,77.6,8.6,10.0,10.0,99.2
19,Greater Govans,42.2,38.2,44.4,40.0,39.9,12.1,9.2,11.2,9.8,9.0,29.0,33.1,29.8,30.6,39.8,13.9,13.9,45.0,42.6,45.6,2.4,1.7,66.9,70.7,51.5,78.3,34.1,28.6,0.2,0.3,0.2,0.4,58.7,60.4,8.3,31.3,12.1,20.6,63.1,16.3,52.40000000000001,49.0,122,121,120,120,4.1,3.3,10.0,4.2,0.0,0.0,0.0,149,153,156,186,989,921,983,1051,146,151,153,177,7.4,9.2,5.1,7.0,26.8,15.7,17.9,28.5,38.3,36.6,37.8,46.2,107,109,112,122,10.0,10.2,10.5,11.4,535,551,561,577,6.4,583,649,613,671,381,384,347,372,684,619,555,553,589,599,651,361,338,362,558,518,526,97.3,97.5,97.0,96.5,0.6,1.3,1.2,1.8,0.4,0.6,1.0,1.1,11.7,16.0,9.6,9.4,12.1,16.4,10.1,9.7,33.8,38.9,35.3,34.5,10.1,8.7,7.5,7.1,81.7,82.3,75.5,85.6,17.9,17.8,16.6,17.5,68.4,85.8,74.1,85.7,75.2,70.5,72.0,84.8,68.3,67.4,66.9,67.3,66.1,78.5,68.9,81.8,75.6,76.7,75.8,43.4,36.2,41.0,35.2,64.3,61.5,59.8,65.0,40.4,35.7,33.9,36.8,40.5,32.9,35.8,34.4,45.4,44.9,36.6,25.2,25.8,30.1,30.1,3.7,4.2,3.9,3.9,83.8,91.0,88.7,88.7,7.1,10.4,10.4,83.1
20,Greater Mondawmin,112.4,107.1,98.6,93.9,102.9,24.8,22.0,27.6,25.3,27.4,85.1,71.0,67.5,74.2,144.4,22.0,38.7,62.5,65.5,60.5,3.0,3.3,132.5,129.5,169.9,168.1,108.3,94.9,0.2,0.4,1.0,0.2,84.4,48.7,14.4,36.9,22.8,19.9,65.5,14.6,52.0,47.0,147,147,147,147,19.0,20.4,15.0,26.5,0.2,0.4,0.4,225,262,281,298,4279,3732,3349,3354,209,245,263,279,8.4,11.1,11.4,5.0,16.4,19.5,25.3,22.1,31.1,32.1,36.3,43.3,152,185,203,209,16.3,19.8,21.8,22.4,2323,1798,1865,2013,7.0,584,549,533,545,352,315,307,297,592,522,478,501,519,517,542,299,301,285,474,465,475,98.2,98.5,98.2,98.6,0.2,0.6,0.8,0.5,0.0,0.4,0.5,0.6,12.3,16.8,10.3,13.6,11.6,20.6,14.0,11.4,36.0,37.9,32.8,28.5,7.5,9.0,8.8,7.0,84.1,83.8,76.9,86.1,16.3,15.9,15.7,15.6,75.3,83.6,83.6,80.0,75.5,86.1,62.6,69.5,69.4,74.3,58.3,76.6,69.5,76.2,66.3,81.9,73.7,79.8,72.4,27.6,26.4,30.2,31.2,44.8,52.3,55.7,55.8,29.6,35.6,36.8,36.5,38.6,36.4,36.0,42.3,37.4,48.4,47.0,22.6,24.6,20.5,20.5,3.0,4.4,2.9,2.9,80.2,83.2,82.4,82.4,8.0,8.9,8.9,76.6
21,Greater Roland Park/Poplar Hill,32.1,28.6,29.4,30.8,28.2,2.0,3.7,2.0,2.3,2.2,24.9,27.4,28.3,26.0,21.6,9.3,3.1,32.5,29.0,28.5,0.1,,15.6,14.5,1.6,1.9,69.3,29.0,0.0,0.0,0.0,,3.3,77.1,2.8,20.1,3.5,1.2,19.6,79.2,44.8,37.3,116,116,116,115,26.7,12.9,16.4,9.6,0.7,0.5,0.7,350,356,395,425,3412,3710,3812,3809,334,339,372,405,5.7,5.3,8.9,2.1,17.4,6.7,16.7,17.4,30.9,23.6,28.1,31.8,265,275,293,320,35.9,37.3,39.7,43.1,2323,2540,2544,2539,0.8,182,256,234,243,83,98,107,104,54,83,79,74,233,226,228,85,107,97,69,78,75,19.1,23.1,20.9,22.9,55.5,59.4,57.6,58.0,3.0,3.0,4.5,4.5,4.9,3.9,3.0,2.1,6.0,5.1,2.8,3.8,5.6,8.4,6.3,9.5,2.1,1.8,0.6,0.0,22.7,15.0,13.7,13.3,7.2,6.4,6.8,6.0,91.3,85.7,95.2,94.9,97.9,90.0,96.4,100.0,97.8,92.3,96.4,100.0,97.6,96.2,100.0,100.0,100.0,100.0,97.7,56.0,64.3,92.6,81.5,80.0,85.2,92.3,85.2,81.8,83.3,92.3,76.5,94.1,100.0,85.7,81.8,87.5,89.5,80.0,68.0,44.4,50.0,50.0,0.0,1.2,0.0,0.0,100.0,83.3,100.0,100.0,1.4,1.2,1.2,98.8
22,Greater Rosemont,63.5,66.4,60.0,63.2,63.0,19.5,19.0,16.9,19.5,18.5,47.4,43.1,42.9,43.4,107.9,21.6,36.7,64.3,62.6,56.9,4.2,3.8,114.8,114.5,148.0,168.6,37.7,39.2,0.4,0.6,0.6,0.4,56.8,48.6,15.5,36.0,24.1,28.3,63.9,7.9,51.6,51.5,301,300,304,306,6.6,7.0,6.6,5.6,0.1,0.1,0.1,311,284,316,329,2005,2354,2488,2289,303,273,304,312,9.3,9.5,10.1,8.2,21.5,18.3,23.7,22.2,37.3,35.2,38.3,41.6,232,213,226,238,12.0,11.1,11.7,12.4,1016,1119,1164,1013,8.8,1452,1457,1444,1418,788,779,804,813,1343,1201,1131,1088,1374,1410,1382,727,780,786,1083,1103,1055,98.7,98.7,98.2,98.4,0.3,0.5,0.6,0.5,0.1,0.6,0.9,0.9,12.6,16.8,11.1,12.8,22.1,15.8,13.7,11.8,43.4,49.0,48.2,38.2,9.4,7.9,8.0,6.8,88.9,88.8,82.2,91.3,19.2,18.0,18.1,16.7,75.0,75.3,77.5,77.1,66.5,66.9,51.4,71.2,69.3,57.3,53.5,70.2,56.5,66.6,59.8,82.4,77.3,67.6,73.0,28.1,31.6,29.4,34.7,49.8,56.0,53.2,58.2,37.9,32.3,27.6,27.0,38.4,28.9,33.6,30.4,46.7,42.2,38.4,22.6,21.0,21.1,21.1,4.5,4.2,5.3,5.3,77.0,78.0,82.5,82.5,8.8,10.3,10.3,90.3
23,Greenmount East,57.4,67.4,87.5,79.7,66.5,19.7,22.7,26.1,27.0,19.6,44.7,61.3,51.7,46.2,116.6,7.2,66.0,50.0,63.1,70.9,5.9,12.1,133.1,156.4,222.5,217.1,80.9,91.6,0.5,1.3,1.0,0.2,81.9,46.1,15.7,38.2,25.6,24.6,69.7,5.7,47.5,52.8,193,193,193,193,1.6,3.1,4.7,4.1,0.0,0.0,0.0,178,165,182,175,1173,1097,1145,1130,172,160,176,168,10.1,9.1,12.1,3.4,21.3,14.5,23.1,17.7,30.9,29.1,33.5,29.7,137,136,138,138,14.5,14.4,16.9,16.9,730,679,673,682,11.1,584,529,537,580,438,350,318,315,627,583,520,490,499,529,568,325,320,304,532,486,470,97.9,98.6,98.4,97.9,0.5,0.4,0.4,0.7,0.2,0.3,0.5,0.7,14.7,21.6,20.1,14.5,23.7,20.9,18.9,14.6,47.7,49.1,51.0,44.3,11.9,10.7,12.9,10.4,90.2,89.5,82.6,92.3,19.9,18.8,18.3,19.9,73.5,64.0,80.3,73.7,67.4,70.4,61.4,64.9,71.6,57.4,60.4,67.6,59.8,62.8,57.9,72.2,72.4,71.6,75.8,26.7,29.1,27.0,29.4,48.1,49.4,51.5,51.4,27.8,22.6,30.0,29.0,34.5,28.9,33.8,29.3,41.2,38.9,29.4,24.0,22.7,20.1,20.1,4.1,5.8,4.9,4.9,74.1,72.9,83.3,83.3,8.4,9.3,9.3,91.3
24,Hamilton,40.8,45.4,42.1,47.2,50.1,9.5,7.5,7.2,9.6,9.5,37.9,34.9,36.3,39.9,28.0,4.7,3.3,42.5,43.8,46.5,0.5,0.5,10.5,50.1,35.1,32.7,42.1,35.8,0.1,0.2,0.1,0.1,14.8,74.8,7.1,18.1,8.7,12.4,60.3,27.3,56.0,59.5,195,195,193,193,7.2,11.3,4.1,5.2,0.1,0.2,0.2,263,241,265,296,2149,1862,1807,1950,254,233,258,286,6.1,5.4,8.3,5.7,20.2,8.7,17.4,22.6,34.6,27.8,29.1,35.5,184,169,184,208,14.2,13.0,14.2,16.0,1395,1277,1185,1197,3.6,670,713,636,572,427,454,404,397,638,604,569,518,641,618,548,408,401,385,555,542,498,86.4,85.9,85.8,86.5,9.1,10.4,10.1,10.1,1.9,1.7,1.9,1.5,7.9,13.7,9.9,9.6,10.1,11.9,11.9,9.8,30.6,29.3,27.8,23.7,8.8,7.8,7.9,5.9,74.0,73.2,67.0,73.3,16.4,15.2,16.0,15.9,75.0,63.9,69.2,74.0,70.9,79.7,67.2,76.4,72.0,75.2,67.2,68.0,64.3,70.2,68.6,82.3,84.4,76.6,83.3,40.8,34.8,51.8,41.2,65.8,69.3,63.3,73.9,50.8,50.0,38.7,44.7,55.2,39.6,42.6,45.9,52.6,56.9,60.7,29.9,30.1,21.8,21.8,4.1,3.3,2.1,2.1,77.4,81.4,79.3,79.3,5.8,5.5,5.5,94.3
25,Harbor East/Little Italy,119.3,165.3,139.3,155.5,159.4,28.5,24.0,27.2,32.2,28.1,141.3,112.1,119.5,129.5,116.9,49.8,17.3,74.9,75.5,67.0,2.2,0.4,149.4,139.3,38.7,42.0,93.0,117.3,0.0,0.2,0.4,,90.7,59.3,11.1,29.7,15.8,27.0,41.5,31.5,41.90000000000001,43.9,489,484,479,478,14.5,12.6,10.2,11.5,0.7,0.7,0.7,408,389,419,513,41601,45289,42537,43434,390,368,388,474,10.3,8.7,8.6,6.8,23.5,15.4,20.0,21.8,39.5,33.7,32.9,40.9,260,260,271,336,48.1,48.1,50.1,62.0,6367,10134,7337,7776,8.5,381,344,354,402,155,161,153,172,206,209,194,199,332,347,396,154,151,169,182,178,186,93.7,93.7,93.3,91.4,1.0,1.6,1.4,1.1,2.6,3.6,3.5,6.8,14.2,16.6,12.4,20.6,17.4,18.0,15.0,14.0,40.8,50.2,47.9,36.2,6.5,7.1,6.9,6.1,91.4,92.4,86.1,94.8,17.1,17.0,20.1,18.4,59.3,86.4,40.3,82.5,74.7,77.6,70.0,69.8,54.9,60.3,71.7,63.6,72.0,80.7,51.4,70.9,72.0,80.7,63.0,21.1,44.7,32.6,33.3,34.2,63.0,54.4,64.6,33.3,35.6,25.5,29.5,38.0,26.5,22.6,33.8,52.7,38.7,29.6,22.0,14.1,16.3,16.3,4.9,7.7,7.0,7.0,66.7,82.4,70.7,70.7,5.6,8.8,8.8,60.2
26,Harford/Echodale,41.5,49.3,41.5,45.6,44.2,10.7,11.9,7.3,9.6,8.8,37.4,34.1,35.2,34.6,47.2,10.1,9.4,44.1,49.2,46.9,1.1,0.8,43.6,55.1,29.0,23.0,28.1,28.0,0.2,0.1,0.2,0.1,25.7,72.1,7.3,20.6,9.2,10.5,66.0,23.5,60.3,56.5,191,190,188,188,6.8,14.2,12.8,11.2,0.2,0.1,0.1,278,316,285,358,2549,2536,2549,3000,269,308,275,338,4.7,9.5,9.1,5.3,12.9,15.5,20.0,23.2,25.9,27.5,29.1,39.9,185,216,186,229,11.0,12.8,11.0,13.6,1236,1204,1108,1327,3.8,805,828,770,789,493,503,451,429,679,634,602,581,740,738,771,464,447,418,572,557,564,83.0,84.5,84.3,84.4,12.6,11.2,11.5,11.2,2.6,2.8,2.9,3.3,10.8,11.7,7.7,9.4,10.1,13.1,10.0,9.3,28.0,28.5,27.1,23.4,5.4,7.1,6.0,6.1,72.1,71.2,68.0,77.3,17.4,18.4,17.0,18.0,78.8,82.9,81.2,81.6,75.7,77.6,72.6,73.5,73.6,70.2,68.7,74.2,73.2,79.3,69.2,83.9,85.0,86.1,78.9,44.2,38.4,52.3,50.0,63.9,72.0,73.2,68.3,47.9,53.4,49.2,43.9,45.8,48.6,51.1,48.9,60.7,57.1,53.3,35.4,24.7,25.3,25.3,2.7,3.0,1.1,1.1,84.1,84.0,86.0,86.0,5.4,5.9,5.9,83.3
27,Highlandtown,77.5,71.4,76.1,96.1,88.8,20.7,16.6,20.8,21.1,20.8,54.9,55.3,74.3,67.0,70.3,15.3,24.5,46.2,52.8,56.6,0.3,2.2,98.9,105.7,59.9,78.2,50.9,50.9,0.0,0.3,0.1,0.3,66.6,77.4,3.6,19.0,4.5,23.1,38.2,38.6,54.7,51.5,374,371,373,372,9.4,11.6,11.5,7.5,1.0,0.7,0.7,386,369,409,416,2803,2528,2728,2813,375,358,395,401,9.8,8.1,9.3,4.3,19.2,15.4,20.8,20.9,31.6,30.1,32.8,35.6,271,258,279,286,37.4,35.6,38.5,39.4,1979,1677,1740,1813,2.7,239,257,267,299,109,117,135,127,133,136,117,139,231,254,286,106,126,123,119,109,125,33.9,28.2,25.8,25.2,27.0,25.5,23.6,23.2,34.5,41.4,45.1,48.0,10.5,14.8,10.1,11.7,19.3,21.4,15.6,11.8,51.1,53.7,51.3,43.2,7.5,5.9,6.2,5.3,83.2,84.0,78.2,84.4,15.0,11.9,11.8,11.5,72.9,66.7,71.9,77.5,73.9,71.4,66.7,77.5,64.4,63.8,65.0,71.8,66.7,63.4,63.4,71.8,81.1,75.6,74.4,41.5,35.7,44.4,52.3,73.2,60.7,70.6,68.2,36.4,31.1,25.6,28.6,41.9,41.7,22.9,39.5,33.3,43.9,22.2,33.9,35.7,12.8,12.8,4.5,2.9,10.3,10.3,61.9,74.3,75.0,75.0,8.0,6.4,6.4,87.3
28,Howard Park/West Arlington,50.5,48.2,47.0,57.6,45.3,11.4,12.9,9.7,11.6,7.8,35.3,37.3,45.2,36.5,46.5,11.2,9.3,46.3,45.5,46.1,1.1,1.6,61.3,54.3,39.3,32.0,54.4,52.7,0.1,0.1,0.4,0.2,13.6,59.1,12.0,29.0,16.8,17.4,67.0,15.6,57.3,52.6,156,155,151,152,11.5,8.4,13.9,15.8,0.3,0.2,0.3,174,207,174,248,2889,2927,2887,3262,163,195,157,227,2.9,7.2,5.2,5.2,14.9,13.5,10.9,21.0,28.7,30.9,23.6,36.3,123,148,126,166,11.3,13.6,11.6,15.3,1960,2159,2283,2351,4.4,492,527,438,490,314,282,270,256,519,484,403,418,467,422,471,253,256,246,437,385,403,95.7,96.5,96.2,96.0,0.6,1.0,0.8,0.8,0.9,1.5,1.9,2.0,6.5,9.9,10.3,12.0,11.5,13.8,15.2,14.1,37.2,32.2,29.0,26.6,8.5,7.2,8.0,6.5,77.1,78.5,70.0,81.1,17.1,15.4,15.3,15.9,59.8,71.3,89.2,86.5,83.3,85.9,74.0,82.0,76.3,77.5,72.0,82.1,67.3,55.8,54.6,91.7,76.2,79.2,74.2,31.5,34.8,38.6,39.0,55.4,58.0,60.0,71.3,38.2,43.8,37.7,31.4,49.7,50.0,37.3,43.1,49.7,45.5,46.4,25.0,20.4,23.6,23.6,3.7,2.5,2.9,2.9,83.6,78.8,79.8,79.8,6.8,6.5,6.5,96.6
29,Inner Harbor/Federal Hill,165.2,128.3,97.8,88.3,79.3,18.7,16.9,13.1,11.6,10.4,111.4,84.6,75.7,68.4,359.0,83.3,48.1,57.3,61.7,41.5,0.5,0.5,122.5,72.0,39.5,29.6,119.8,72.8,0.1,0.1,0.1,,26.0,79.1,4.2,16.7,5.0,10.5,23.4,66.1,54.3,55.5,505,509,498,494,19.2,27.5,31.3,17.2,0.4,0.4,0.4,810,767,833,908,15541,14565,14471,16762,756,716,773,837,7.9,9.5,9.1,3.7,21.6,15.1,21.8,20.9,37.4,33.4,35.4,37.8,570,566,589,657,69.9,69.4,45.8,51.1,10665,9633,9646,10921,1.9,210,231,236,226,92,68,91,76,127,107,93,92,201,222,218,65,87,75,97,91,86,48.5,38.8,42.3,43.3,41.4,49.6,46.5,47.8,4.7,5.6,5.2,3.9,9.0,11.3,7.6,7.5,17.4,11.8,13.2,15.8,38.6,42.1,43.0,34.8,6.3,4.1,6.4,8.6,69.4,70.3,58.3,61.0,20.3,15.7,14.7,13.0,75.8,89.1,90.0,80.6,83.3,86.5,91.4,96.8,83.3,84.6,94.3,75.0,62.9,58.8,78.3,90.0,85.7,73.5,91.3,76.7,46.2,43.8,53.3,76.7,61.5,53.1,60.0,28.3,36.1,34.4,37.0,32.6,50.0,13.0,41.7,59.1,44.0,71.4,36.7,17.9,17.4,17.4,3.9,3.7,3.2,3.2,72.7,70.6,73.1,73.1,5.4,6.8,6.8,96.3
30,Lauraville,39.6,47.2,40.3,43.3,38.9,6.3,8.6,7.0,7.6,5.9,38.5,33.3,35.2,32.5,27.0,10.5,4.5,48.8,54.8,44.2,1.1,0.7,58.6,48.9,20.5,28.8,45.4,41.4,0.1,0.0,0.2,0.1,15.2,66.7,9.4,24.0,12.3,10.1,54.1,35.7,54.0,61.0,144,134,133,131,3.5,2.2,5.3,8.4,0.1,0.0,0.0,234,220,239,271,1752,1430,1533,1777,227,215,231,257,12.4,10.5,8.4,5.9,27.8,20.5,22.2,21.4,40.2,37.7,39.3,48.0,157,149,158,178,12.8,12.1,12.9,14.5,1225,950,956,1120,3.4,560,597,528,597,364,333,352,357,647,540,477,506,561,511,574,300,335,346,494,453,488,87.7,84.3,83.7,84.5,8.2,11.1,11.4,11.6,1.6,1.7,1.8,2.0,9.6,14.7,7.6,8.0,11.3,10.2,10.8,9.5,31.7,30.7,32.9,29.6,6.7,7.0,7.0,6.1,72.1,70.5,65.7,74.7,19.9,16.5,16.6,16.5,71.7,78.6,62.5,84.9,77.7,76.8,72.2,81.7,76.7,73.7,73.0,68.4,70.5,69.5,72.4,73.4,79.6,87.6,78.1,34.5,38.5,55.3,42.6,53.8,74.7,64.1,71.8,40.5,44.1,38.7,40.6,41.8,37.3,43.4,43.4,42.1,50.9,52.9,25.1,23.3,22.5,22.5,2.8,2.4,2.1,2.1,73.9,80.3,80.5,80.5,6.5,7.2,7.2,94.9
31,Loch Raven,34.3,37.8,42.5,42.7,43.7,8.4,8.0,8.7,11.1,8.4,29.8,33.8,31.3,34.7,20.4,4.5,7.0,45.1,43.4,45.4,0.7,1.2,63.7,55.1,31.4,29.1,38.5,42.8,0.0,0.1,0.1,0.1,14.0,64.1,8.9,26.9,12.2,16.4,61.2,22.5,53.1,49.0,53,53,50,50,34.0,20.8,40.0,28.0,0.2,0.2,0.2,216,203,213,246,4256,2016,1949,1918,206,193,196,236,5.1,6.9,3.8,4.1,20.8,11.3,14.1,21.1,29.6,28.6,30.5,36.2,171,166,169,194,11.2,10.8,11.0,12.7,3650,1458,1364,1333,3.7,793,946,913,916,549,480,421,407,758,741,704,696,872,873,894,437,416,399,676,662,676,96.6,97.3,97.3,97.3,0.8,0.8,0.5,0.4,0.2,0.6,1.0,1.0,6.6,10.6,7.2,7.1,8.4,9.6,8.8,5.7,31.4,28.7,22.6,21.7,7.5,7.1,8.3,6.3,75.3,73.7,68.8,76.5,14.0,13.6,15.0,14.8,61.1,73.1,78.3,85.9,83.6,84.2,78.1,83.0,83.1,81.3,75.9,80.7,81.3,81.1,73.9,85.5,87.7,91.2,88.0,29.9,36.0,42.0,45.2,52.9,62.9,69.4,67.7,40.9,48.5,42.4,37.4,46.3,44.6,40.4,44.5,49.4,51.0,54.7,30.2,25.9,24.8,24.8,2.8,2.7,2.2,2.2,81.0,87.3,87.3,87.3,5.3,5.7,5.7,94.7
32,Madison/East End,65.5,73.5,78.5,86.2,71.8,25.1,20.9,27.0,25.8,24.2,52.6,51.5,59.2,46.5,108.3,13.0,49.1,63.2,75.4,76.1,5.0,4.6,140.2,145.1,170.7,179.8,32.1,35.3,0.4,0.6,1.2,0.6,154.6,44.3,15.6,40.1,26.1,39.7,55.1,5.2,49.9,45.8,183,183,187,187,7.7,1.6,1.1,4.3,0.0,0.0,0.0,212,162,218,230,1142,923,1150,1297,209,160,216,222,9.0,8.6,11.9,7.8,19.8,14.2,23.9,20.9,36.3,30.2,35.3,33.9,174,136,168,182,22.4,17.5,21.6,23.4,756,585,709,858,14.5,915,771,730,744,594,410,425,391,717,567,513,504,739,708,722,389,418,376,506,488,479,95.7,95.6,95.4,94.7,1.2,1.0,0.9,1.2,2.0,3.0,3.2,3.6,13.6,21.8,17.1,16.3,24.4,23.9,27.1,17.1,53.3,60.1,56.9,50.4,10.7,9.9,9.1,8.6,92.7,92.5,84.7,93.9,17.2,18.2,18.8,18.2,54.1,59.4,61.0,73.8,64.8,69.5,59.6,78.1,61.9,55.0,59.9,83.2,62.7,69.5,55.9,85.7,73.9,75.2,75.6,21.5,23.9,40.3,16.0,42.4,45.1,53.2,47.7,21.6,25.6,24.6,27.2,28.1,24.7,26.3,28.8,28.3,25.3,26.2,17.3,18.2,17.0,17.0,4.5,5.3,9.3,9.3,77.7,75.4,72.9,72.9,10.4,11.5,11.5,73.4
33,Medfield/Hampden/Woodberry/Remington,51.2,46.5,44.8,56.4,51.5,7.1,8.9,7.5,9.2,9.1,37.6,37.3,46.1,42.0,71.8,17.1,13.7,34.2,35.3,30.6,0.1,0.2,64.8,62.6,22.1,20.6,43.9,41.4,0.0,0.0,0.1,,11.4,78.3,5.4,16.3,6.5,14.6,35.3,50.1,50.4,49.5,551,545,544,544,10.3,13.8,19.1,21.3,0.2,0.3,0.3,861,818,849,929,12954,9358,9521,9296,828,788,803,885,7.3,6.0,4.7,3.6,17.4,12.6,13.2,19.4,31.0,28.0,27.4,34.1,560,552,575,626,32.2,31.7,33.1,35.9,4620,4108,4762,4966,1.9,470,524,517,526,252,285,267,252,364,333,333,334,487,494,493,262,256,235,295,318,327,28.8,28.3,29.9,26.3,57.6,58.6,56.6,59.9,4.1,4.8,4.7,5.7,16.4,18.5,13.0,16.9,15.5,19.6,10.9,13.9,41.2,35.1,39.3,30.8,5.4,3.8,5.2,3.8,66.2,69.3,62.4,67.7,14.0,13.6,13.9,14.3,44.8,50.8,68.0,95.3,79.5,93.4,90.1,88.2,85.4,89.3,76.0,88.7,87.6,84.0,78.9,93.0,90.5,91.6,83.8,50.7,56.7,58.1,59.1,69.6,74.7,73.8,80.0,54.4,56.0,54.0,56.8,60.7,55.7,60.9,60.4,59.1,62.4,56.4,37.2,32.5,29.4,29.4,3.6,5.7,2.7,2.7,77.9,81.1,78.1,78.1,3.8,4.4,4.4,86.7
34,Midtown,92.9,99.5,95.8,92.0,84.2,15.2,13.9,14.4,16.4,12.3,85.6,81.4,74.8,70.5,198.0,67.1,63.8,25.0,24.1,23.4,1.4,0.9,67.0,71.1,28.6,33.7,68.2,62.0,0.1,0.1,0.1,0.1,20.0,61.3,6.6,32.1,9.7,12.9,28.9,58.2,46.8,52.5,966,963,815,807,8.1,7.8,12.1,14.9,0.2,0.3,0.3,1100,993,1079,1209,29523,26944,13479,14236,1063,964,1037,1146,10.1,6.6,9.3,5.6,18.9,14.3,17.9,22.4,32.5,27.2,29.9,37.2,799,725,763,856,53.2,48.3,50.8,57.0,22948,22533,6661,6971,1.7,245,208,203,197,107,80,91,92,166,149,152,141,190,195,185,76,88,89,134,148,135,82.2,78.4,77.8,75.2,10.4,12.7,12.3,14.7,2.3,4.2,5.6,6.9,9.4,18.3,10.8,11.2,22.4,11.3,14.3,10.9,34.9,41.6,40.1,32.6,8.8,5.7,7.2,6.7,75.7,73.5,65.5,69.7,17.0,14.4,13.1,13.1,58.5,73.7,72.5,70.0,71.1,89.5,79.3,85.0,68.4,81.6,73.3,72.7,63.4,83.3,73.5,87.9,78.1,83.3,74.3,23.3,25.0,35.3,41.7,41.9,60.0,82.4,75.0,56.3,47.8,37.8,41.7,53.3,49.0,30.4,42.6,50.0,43.2,52.9,28.1,28.6,24.0,24.0,5.4,4.0,3.2,3.2,67.6,75.0,91.4,91.4,5.9,8.9,8.9,98.9
35,Midway/Coldstream,66.4,72.6,72.4,68.4,69.9,22.0,22.7,20.3,21.0,19.5,50.0,52.2,45.9,49.1,85.6,13.6,38.1,58.1,72.6,70.4,6.5,4.6,135.3,126.1,159.7,127.7,55.8,62.2,1.1,0.5,1.1,0.4,110.1,55.5,11.7,32.8,17.4,24.9,69.3,5.8,52.90000000000001,49.3,284,284,284,282,3.2,3.9,2.5,4.3,0.1,0.1,0.1,228,207,218,254,1576,1352,1538,2031,223,203,213,246,10.1,6.8,8.3,4.3,21.1,13.5,20.6,17.7,36.4,33.3,32.6,35.4,163,154,153,186,16.9,16.0,15.9,19.3,787,707,721,926,10.1,750,720,699,707,460,403,413,451,709,599,560,573,683,678,701,387,411,436,553,535,559,98.5,99.2,98.9,98.6,0.2,0.3,0.3,0.3,0.1,0.3,0.3,0.5,15.6,19.7,15.9,11.0,22.2,25.1,21.3,16.9,44.6,51.9,48.9,44.5,11.1,11.1,9.6,10.2,88.7,90.3,81.9,92.3,17.6,17.1,17.3,17.7,54.8,75.7,79.7,77.0,76.4,74.8,63.0,77.0,71.8,62.5,60.1,69.5,63.6,67.5,57.4,84.1,80.5,70.2,74.3,29.9,40.2,39.5,29.7,47.2,61.7,60.6,51.4,36.0,36.8,35.0,26.6,37.4,28.1,31.3,32.0,52.8,42.9,30.3,26.2,22.5,22.3,22.3,4.1,4.5,4.9,4.9,81.8,76.2,73.0,73.0,10.9,9.9,9.9,80.7
36,Morrell Park/Violetville,68.0,62.8,54.3,59.8,58.8,6.6,11.3,8.9,11.4,11.7,51.5,45.4,48.1,46.7,26.0,4.1,1.4,59.3,57.3,51.5,2.0,1.6,85.1,101.4,20.6,20.9,59.0,55.7,0.1,0.0,0.0,0.1,20.1,62.2,9.4,28.4,13.2,31.6,56.6,11.9,68.7,67.1,474,475,477,477,11.0,10.5,17.6,10.9,0.1,0.1,0.1,463,456,436,428,7894,8240,9706,6935,431,423,396,390,5.8,5.7,4.8,5.6,15.8,12.3,11.5,19.2,27.9,27.0,24.5,32.7,277,276,260,259,30.9,30.8,29.0,28.9,3659,4107,5771,3539,3.6,429,455,448,467,252,239,242,235,208,232,229,228,401,423,439,222,236,226,197,217,217,22.4,26.6,25.2,28.0,67.4,61.6,61.3,58.8,4.9,6.3,7.0,7.6,17.0,16.7,16.3,16.1,19.8,15.1,16.5,21.3,26.4,39.7,40.6,38.2,4.5,4.9,5.1,5.6,71.9,76.7,69.6,80.5,15.2,14.1,13.4,12.7,55.6,78.7,80.7,95.2,83.3,79.5,77.4,81.0,82.9,73.5,69.0,80.6,78.3,85.3,68.6,93.1,78.3,86.7,77.9,57.0,61.5,44.6,44.9,57.0,72.3,62.2,78.2,59.0,53.0,40.9,41.8,57.9,52.2,56.4,53.0,73.8,66.7,65.3,51.8,33.3,31.6,31.6,3.4,3.0,3.0,3.0,95.2,81.5,91.5,91.5,3.9,3.9,3.9,66.1
37,Mount Washington/Coldspring,33.1,28.8,32.9,28.8,30.0,2.3,2.3,1.9,2.3,3.1,26.5,31.0,26.3,26.5,25.1,2.5,2.5,45.3,39.9,35.4,0.2,,14.5,13.0,3.3,3.7,28.1,49.1,0.0,0.0,0.0,,4.4,83.9,3.9,12.2,4.5,5.3,25.3,69.5,49.9,49.8,102,99,98,98,9.8,14.1,26.5,14.3,0.2,0.0,0.0,219,194,200,238,3220,2530,2705,2856,204,182,185,220,6.4,5.2,6.0,0.8,25.1,11.3,13.0,18.1,37.9,38.1,33.5,36.6,158,138,136,171,30.6,26.7,26.3,33.1,2631,2062,2129,2325,0.6,137,188,195,187,82,81,82,65,58,85,87,85,177,192,168,74,81,61,78,83,85,49.0,53.9,50.3,47.1,39.9,36.8,39.5,40.9,1.3,2.1,2.0,2.8,4.4,6.9,5.1,3.7,6.1,6.2,6.1,4.6,10.3,14.1,13.8,14.1,2.0,2.6,3.7,2.7,30.1,35.0,27.9,28.6,8.8,11.2,11.8,8.8,66.7,80.5,100.0,89.5,100.0,97.1,90.5,89.5,91.2,94.3,93.0,87.5,85.7,70.3,92.3,95.8,89.3,83.8,100.0,50.0,65.4,81.8,80.0,60.7,76.9,90.9,93.3,68.8,67.9,75.0,71.4,86.7,66.7,69.6,68.2,80.0,76.2,95.2,51.9,52.4,47.4,47.4,5.2,3.5,1.1,1.1,85.7,86.7,87.5,87.5,2.5,4.1,4.1,87.9
38,North Baltimore/Guilford/Homeland,25.8,27.7,25.4,32.8,29.9,3.1,3.4,3.4,3.4,3.4,24.3,22.0,29.2,26.5,21.0,1.0,4.0,29.1,24.4,23.6,0.1,0.3,15.7,20.3,7.6,9.2,28.4,35.0,0.1,0.1,0.0,,7.7,56.8,4.4,38.8,7.2,4.3,22.2,73.6,50.2,52.2,235,235,235,234,22.1,17.0,15.7,17.9,0.1,0.0,0.0,411,394,415,504,4089,2961,3745,3984,397,385,401,479,6.3,7.4,6.3,3.6,20.4,13.2,14.5,19.8,32.8,31.0,30.8,40.5,307,295,313,367,17.6,16.9,17.9,21.0,2594,1734,2224,2295,0.7,262,259,247,273,88,111,110,147,120,100,100,118,242,240,254,92,106,140,95,97,111,46.6,38.1,34.8,40.1,42.4,52.1,53.6,50.2,1.2,2.0,1.9,3.7,7.3,3.1,3.6,4.0,4.5,5.4,3.6,8.8,20.0,18.0,21.0,22.9,2.6,2.0,3.2,3.2,35.1,29.4,24.8,28.2,12.2,10.5,10.4,9.4,83.6,89.1,95.0,88.6,91.7,93.6,88.9,90.9,90.0,91.3,100.0,81.7,86.7,80.0,81.4,86.7,91.1,88.9,96.5,38.5,69.6,68.8,80.0,53.8,91.7,87.5,94.5,70.8,75.9,64.0,63.4,76.7,73.9,62.9,54.3,85.7,85.2,70.6,53.1,40.0,27.3,27.3,0.0,2.0,1.9,1.9,96.3,95.5,80.0,80.0,2.6,2.4,2.4,100.0
39,Northwood,39.9,46.1,39.2,37.3,41.8,9.6,11.0,8.3,9.1,6.8,35.1,30.9,27.1,34.2,54.7,20.3,15.4,39.2,42.8,39.1,1.7,1.4,50.0,51.2,44.2,45.2,49.0,40.3,0.2,0.2,0.2,0.1,14.7,55.5,10.1,34.5,15.4,12.6,63.4,24.0,53.5,46.6,63,63,63,63,11.1,19.0,22.2,7.9,0.0,0.1,0.1,157,145,153,182,3220,2541,2685,3334,148,137,143,173,13.4,9.0,5.9,6.0,32.5,18.6,18.3,22.5,43.9,40.7,38.6,42.9,107,94,100,114,6.4,5.6,6.0,6.8,1861,1821,1846,1878,3.4,643,694,663,670,448,394,352,359,753,679,587,550,646,645,646,368,345,340,621,562,537,96.1,97.8,97.2,96.7,1.2,1.1,1.3,1.4,0.4,0.7,0.9,1.5,9.2,13.1,8.3,9.4,13.4,12.4,9.7,7.2,28.7,30.6,28.4,26.7,7.9,7.2,7.6,6.4,76.6,74.6,71.0,78.6,15.0,13.9,14.8,14.1,69.3,69.6,78.1,85.7,81.6,85.1,83.7,91.6,76.8,74.6,77.0,81.0,76.9,86.3,77.0,90.0,83.5,85.5,82.0,31.8,35.6,57.8,45.3,50.8,69.2,72.6,69.5,38.0,36.0,36.2,36.5,38.6,35.8,32.0,43.2,50.0,49.5,40.2,26.0,23.9,22.7,22.7,3.1,3.2,3.4,3.4,78.3,79.7,84.3,84.3,5.5,6.1,6.1,95.1
40,Oldtown/Middle East,102.4,112.2,90.9,95.7,82.6,27.8,26.7,26.4,33.1,26.6,85.6,64.5,61.1,54.7,145.6,44.9,40.9,63.7,75.3,64.8,4.9,5.7,159.0,143.5,138.3,102.2,89.6,81.8,0.7,0.3,0.4,0.4,89.7,36.2,14.8,49.0,29.0,36.1,51.5,12.4,51.4,49.9,480,486,495,487,24.4,27.2,24.0,13.1,0.3,0.4,0.4,475,480,482,561,15720,9657,14518,14974,448,456,447,521,7.8,6.3,6.6,1.8,26.9,11.0,14.9,14.6,43.6,37.9,37.1,28.2,367,382,361,439,42.0,43.7,36.0,43.2,10872,5870,9026,6419,9.0,738,637,696,738,322,352,342,350,585,466,432,454,604,680,735,333,336,340,405,416,432,96.9,97.5,96.7,96.7,0.8,0.7,0.8,0.6,0.5,1.3,1.8,1.9,16.5,20.9,16.5,16.4,29.5,25.3,13.7,15.7,47.2,54.5,52.5,46.0,9.4,9.1,10.7,9.7,92.0,92.4,85.6,93.0,17.9,17.3,17.3,18.4,72.2,73.0,77.2,73.9,66.4,60.1,65.6,63.8,65.4,59.1,57.8,69.9,63.0,69.0,47.8,72.1,75.9,69.8,61.1,19.4,16.9,27.9,32.7,38.0,46.2,52.7,57.0,26.2,22.5,25.4,21.6,40.3,27.6,25.9,27.7,42.0,38.1,41.9,17.9,17.6,15.2,15.2,3.6,5.6,6.0,6.0,67.0,76.0,81.2,81.2,9.1,9.5,9.5,71.4
41,Orangeville/East Highlandtown,85.9,91.2,85.6,93.6,81.0,20.4,16.1,18.7,20.7,18.9,75.1,66.9,71.6,60.9,64.3,12.6,22.4,54.3,57.4,60.5,2.3,1.6,59.2,133.3,88.6,97.6,114.4,129.1,0.1,0.1,0.1,0.3,88.4,63.3,8.2,28.5,11.5,39.2,49.2,11.6,58.7,55.7,619,620,625,625,15.5,16.1,21.0,17.0,0.3,0.3,0.3,553,542,562,594,10386,10063,10090,10766,520,511,518,553,6.5,4.8,6.8,3.5,18.8,11.6,13.7,15.5,32.7,31.5,31.7,29.5,310,304,307,331,34.0,33.3,33.6,36.3,6662,6420,6356,6490,4.3,448,578,606,663,262,273,250,258,287,315,314,300,511,576,614,245,240,238,272,295,281,25.1,27.1,25.7,22.2,36.2,25.6,22.5,21.0,34.6,43.4,48.0,53.9,10.5,13.5,13.0,11.9,21.4,19.0,19.2,13.2,42.5,47.6,46.2,41.7,4.4,5.3,5.3,3.8,81.1,85.2,79.4,88.1,18.3,16.1,14.0,13.1,76.8,75.6,70.0,85.3,78.4,74.2,58.9,67.6,70.7,61.5,65.1,87.5,76.1,70.3,72.5,79.2,74.7,74.4,77.6,43.9,45.8,49.4,46.5,41.5,67.1,52.6,66.7,33.7,30.9,31.6,34.3,45.5,48.7,38.3,36.7,42.3,42.9,39.7,33.1,15.4,19.8,19.8,4.2,2.5,10.9,10.9,72.1,69.5,67.2,67.2,5.1,6.3,6.3,82.2
42,Patterson Park North & East,75.7,82.6,79.4,89.6,79.5,17.5,21.4,18.2,19.2,22.4,61.2,61.2,69.6,56.6,72.8,13.4,20.9,53.5,60.2,57.6,1.9,1.0,89.1,93.4,62.9,68.0,33.4,33.2,0.1,0.1,0.0,0.1,56.8,65.0,9.3,25.7,12.5,25.5,40.3,34.2,51.7,45.5,162,162,161,161,7.4,6.8,6.8,9.9,0.1,0.0,0.0,205,194,207,218,1403,1382,1383,1345,200,189,203,209,8.3,10.3,11.1,6.0,18.5,19.1,22.7,21.1,39.5,34.5,33.8,39.0,159,148,155,153,10.9,10.2,10.7,10.4,763,745,774,686,5.7,930,829,827,936,506,360,404,473,647,513,489,535,765,785,894,333,387,447,463,466,499,74.5,70.3,66.7,63.4,7.5,7.8,8.4,7.6,14.9,19.1,22.1,26.8,10.4,13.4,10.5,10.4,21.5,22.2,23.3,15.0,46.1,49.7,47.4,41.5,8.8,8.3,7.9,9.1,88.2,89.9,81.6,89.7,16.4,16.9,15.1,14.3,53.5,62.9,66.3,79.3,74.4,79.1,71.6,75.1,66.9,65.2,65.0,83.6,66.0,79.6,73.5,87.0,71.2,84.5,79.6,32.2,32.7,47.3,33.6,49.8,62.5,56.5,64.7,35.1,26.2,31.3,32.4,37.5,37.9,33.8,31.1,42.3,42.1,41.4,25.3,20.9,22.2,22.2,4.2,4.3,8.0,8.0,70.7,81.6,72.5,72.5,7.2,8.0,8.0,88.2
43,Penn North/Reservoir Hill,64.2,63.0,71.5,60.8,59.6,18.8,18.2,20.7,15.6,17.3,44.8,50.8,43.8,41.1,100.7,7.1,66.1,63.2,63.0,58.9,3.6,4.7,131.6,121.1,287.3,210.6,39.3,41.5,0.6,0.7,1.0,0.5,94.1,48.7,13.7,37.7,21.9,24.0,53.9,22.1,49.9,43.2,145,143,140,142,6.9,7.0,3.6,2.8,0.0,0.1,0.0,246,160,166,189,2398,1372,1337,1717,238,155,161,181,6.5,11.3,7.2,8.5,16.7,16.3,19.9,22.2,30.1,30.0,30.1,38.1,180,113,116,132,18.6,11.7,12.0,13.7,1322,533,492,869,7.7,597,654,666,660,338,349,350,342,601,552,495,516,624,648,636,329,341,334,510,483,487,97.7,98.2,98.2,97.4,0.8,0.7,0.9,1.2,0.2,0.6,0.6,0.8,10.7,18.2,15.0,14.4,17.5,20.1,19.4,15.5,43.9,51.6,48.3,41.9,12.3,9.9,11.7,10.1,89.8,89.7,82.3,90.6,18.8,18.5,18.6,18.4,66.9,79.3,81.9,75.2,80.4,72.9,75.2,70.2,69.2,66.9,59.0,61.1,49.1,68.0,78.9,91.1,73.9,69.7,72.6,27.4,23.0,24.5,21.0,49.5,49.5,47.7,58.8,28.7,34.1,28.3,25.8,37.4,30.1,26.7,29.1,42.5,37.7,33.8,18.1,21.5,16.2,16.2,5.3,5.8,4.8,4.8,72.7,80.3,71.3,71.3,8.4,11.2,11.2,78.4
44,Pimlico/Arlington/Hilltop,58.1,54.6,57.0,58.2,55.7,23.4,16.7,18.7,14.1,17.4,37.9,38.3,42.3,37.0,64.6,10.5,35.5,51.1,50.9,50.5,2.7,4.1,100.5,109.9,188.3,215.8,37.4,38.0,0.3,0.4,0.5,0.8,73.7,51.3,11.7,37.0,18.6,26.7,65.9,7.4,55.7,50.1,207,207,208,208,22.7,23.7,14.4,9.6,0.2,0.1,0.1,360,332,371,409,4281,3358,4629,4163,349,321,344,398,7.2,6.9,9.4,6.8,23.9,13.9,20.8,26.9,34.7,34.3,38.3,41.1,299,277,301,335,25.3,23.4,25.5,28.4,3796,2905,4095,3615,7.6,821,830,769,744,465,441,440,424,714,718,632,591,773,742,719,410,429,414,653,610,567,98.4,97.8,97.9,97.6,0.3,0.8,0.7,0.9,0.3,0.5,0.7,0.9,13.3,14.2,9.9,12.5,13.1,17.2,10.7,13.0,45.1,44.4,41.9,39.1,9.0,8.7,8.7,9.9,87.8,85.8,79.5,89.2,17.9,16.6,17.4,17.0,75.2,56.7,80.9,77.7,64.3,67.8,58.7,71.9,61.7,67.3,64.0,55.5,56.9,65.9,59.2,81.1,81.1,67.4,66.2,24.8,30.1,33.3,39.4,54.2,60.3,59.0,62.4,35.8,41.6,37.6,29.8,42.1,38.4,34.6,31.6,45.8,50.5,36.7,25.8,30.2,19.6,19.6,5.7,5.0,3.4,3.4,80.4,85.2,86.8,86.8,7.3,8.8,8.8,92.2
45,Poppleton/The Terraces/Hollins Market,80.2,89.9,69.8,84.9,82.0,26.5,30.1,22.8,25.6,22.2,59.8,47.0,58.0,58.8,111.9,19.9,48.7,64.5,68.6,69.6,2.8,2.8,157.3,163.2,208.6,259.9,51.9,55.6,0.2,0.2,0.2,0.2,82.6,53.8,11.4,34.9,17.5,31.0,52.6,16.4,49.0,55.5,233,233,236,236,9.0,11.6,4.2,8.1,0.2,0.4,0.2,149,134,148,156,1203,1081,1180,1162,145,131,144,148,12.8,6.7,10.1,11.5,30.2,20.9,20.9,26.3,40.9,41.8,43.2,44.2,110,93,96,98,21.6,18.3,18.9,19.3,831,680,667,594,8.4,411,360,350,349,236,202,198,188,299,305,290,286,337,342,343,190,192,185,279,280,282,95.9,95.4,95.8,96.7,2.0,2.8,2.6,1.9,0.5,1.2,1.0,1.0,14.1,27.8,19.1,21.5,21.2,18.8,22.2,23.4,50.2,45.9,46.6,39.9,10.7,10.8,11.3,13.0,91.2,88.7,84.1,93.3,22.9,17.6,21.0,19.2,56.0,48.7,84.2,73.2,59.7,60.0,60.7,65.9,66.1,58.6,58.3,68.7,62.9,55.0,40.7,86.6,72.1,68.9,58.2,19.2,28.8,32.2,32.7,50.0,50.0,52.5,52.8,24.4,33.3,24.2,27.2,44.4,31.3,32.3,36.6,47.3,49.4,28.6,25.6,18.6,20.2,20.2,5.2,3.3,4.0,4.0,75.0,77.4,76.2,76.2,10.5,11.1,11.1,92.0
46,Sandtown-Winchester/Harlem Park,69.5,64.2,63.3,68.7,63.1,27.1,21.5,23.0,22.4,20.5,42.6,40.3,44.4,41.9,211.6,21.8,107.9,59.5,67.9,67.9,6.4,7.4,156.0,153.6,464.8,406.2,39.4,40.4,0.6,0.6,0.9,0.3,107.5,47.7,14.0,38.3,22.7,30.1,64.5,5.5,51.3,47.0,190,192,188,189,14.2,22.4,7.4,2.6,0.0,0.0,0.0,246,221,249,281,1730,1551,1797,1807,238,214,240,266,11.8,9.0,10.4,7.5,23.6,16.3,22.9,27.8,33.7,29.9,37.3,42.7,199,188,202,219,13.4,12.6,13.6,14.7,1017,1018,1068,1065,10.4,1184,1090,1108,1137,617,529,555,551,1105,924,838,783,1037,1075,1116,514,541,543,840,808,755,98.3,98.8,98.7,98.4,0.6,0.5,0.5,0.4,0.1,0.5,0.6,1.0,13.7,21.8,14.1,13.0,18.3,19.7,15.5,14.7,41.9,51.3,49.3,43.4,9.6,9.1,10.6,8.5,89.4,89.4,82.2,93.3,17.7,16.8,17.5,16.9,69.3,70.3,83.6,71.2,59.8,57.1,57.3,65.4,56.4,54.8,50.9,58.8,47.6,66.5,56.3,75.4,67.9,69.9,61.6,22.3,22.4,29.4,25.3,39.6,49.0,47.2,49.4,29.6,28.9,29.1,27.4,32.9,30.6,31.1,32.9,46.4,37.7,32.2,22.8,17.8,22.0,22.0,6.6,6.7,4.5,4.5,75.5,73.5,80.5,80.5,10.6,11.3,11.3,79.7
47,South Baltimore,35.6,25.1,53.2,47.6,49.8,3.0,3.3,3.4,2.8,2.3,21.8,49.8,44.3,47.1,69.9,10.8,0.0,19.4,22.1,39.2,0.2,,28.8,48.2,21.5,26.2,21.5,33.4,0.0,0.0,0.0,,21.3,83.8,6.3,9.9,7.0,12.2,29.9,58.0,57.7,53.3,251,252,260,258,25.9,30.6,21.5,21.7,0.5,0.5,0.5,244,236,258,295,7213,7142,9151,9401,227,223,237,267,8.2,6.4,7.0,6.8,17.6,11.9,17.1,26.1,32.8,28.4,29.1,42.0,152,155,168,196,13.7,14.0,26.2,30.6,2357,5967,7854,8346,1.7,132,120,114,142,55,54,64,55,76,63,63,55,109,113,139,48,64,52,58,59,50,11.0,7.4,8.9,8.2,78.9,82.4,84.4,87.0,3.9,5.4,2.9,2.1,15.9,5.0,7.9,11.3,27.3,20.4,21.9,16.4,42.1,34.9,33.3,27.3,2.6,1.9,3.9,2.0,59.4,63.7,55.2,57.6,21.1,16.3,15.2,11.2,73.3,92.1,90.5,100.0,96.0,94.4,86.2,94.4,92.0,88.9,86.2,81.8,73.9,100.0,89.5,86.4,95.5,86.7,94.7,45.0,58.3,73.3,58.8,75.0,83.3,80.0,82.4,53.6,47.6,57.1,58.3,47.6,44.4,50.0,73.3,72.2,57.1,72.7,54.8,33.3,26.7,26.7,2.9,4.8,3.2,3.2,87.5,81.8,84.2,84.2,3.0,1.2,1.2,37.0
48,Southeastern,57.8,67.7,61.8,62.5,83.7,10.7,14.5,13.6,12.6,12.5,53.2,48.2,49.2,70.3,20.1,3.7,9.2,59.4,63.9,58.5,1.1,0.8,4.6,100.5,42.5,70.9,79.4,84.5,0.0,0.0,0.0,0.3,85.0,57.2,10.5,32.3,15.7,28.3,60.6,11.1,59.6,55.6,429,429,434,434,11.0,13.5,16.8,32.9,0.5,0.6,0.5,388,413,428,411,19662,13684,13550,7483,353,381,392,378,7.0,8.7,6.1,3.6,17.8,17.2,17.3,18.7,32.2,33.2,32.0,35.0,180,200,204,199,28.8,31.9,32.6,31.8,2783,3093,3077,3230,4.6,362,354,337,367,192,164,166,179,239,199,174,176,319,315,343,148,152,163,181,158,171,54.0,52.3,50.9,48.8,18.7,21.2,20.5,20.0,22.2,24.4,26.3,28.4,6.9,13.8,5.6,4.9,10.4,12.8,5.4,5.0,33.9,49.7,47.7,43.2,6.1,6.6,6.5,4.0,82.5,88.6,81.6,88.2,19.2,17.6,18.4,16.1,68.9,89.9,93.8,79.4,72.3,66.7,87.5,58.8,66.2,63.1,73.2,88.1,56.1,70.2,69.4,86.4,66.7,70.8,66.1,53.6,53.3,51.2,52.3,73.2,75.6,69.8,54.5,38.4,40.6,27.8,25.9,43.5,43.6,43.9,42.0,31.7,26.9,37.5,21.9,20.6,27.8,27.8,5.0,2.5,9.9,9.9,81.4,82.0,75.8,75.8,6.3,6.2,6.2,93.2
49,Southern Park Heights,59.5,55.0,55.9,58.0,51.6,18.7,18.1,18.8,16.9,17.2,37.0,37.0,40.5,33.8,67.6,15.7,29.4,57.1,64.1,55.3,4.6,3.8,106.1,90.8,116.7,152.9,38.5,40.2,0.3,0.7,0.6,0.8,47.1,45.7,16.4,38.0,26.5,27.7,62.9,9.5,55.2,51.8,179,180,180,177,6.7,5.6,3.9,6.2,0.0,0.0,0.0,203,188,204,234,1708,1582,1590,1750,196,181,197,224,9.4,8.5,10.3,8.1,21.2,16.0,21.1,25.6,36.5,31.9,34.3,38.0,147,137,145,160,11.1,10.3,10.9,12.0,890,841,829,714,9.1,854,765,799,874,482,407,430,450,848,704,664,691,716,774,841,385,421,430,625,637,657,97.8,98.5,97.9,97.3,0.3,0.4,0.5,0.7,0.5,0.6,0.9,1.3,14.4,19.1,18.1,16.6,14.5,18.9,13.5,18.2,47.1,45.0,45.3,39.9,7.8,8.0,8.7,8.0,87.5,88.6,80.7,89.3,19.7,17.1,17.7,16.7,62.0,79.8,63.2,80.9,72.1,66.1,58.5,76.5,66.7,52.0,57.5,51.2,64.1,55.3,50.7,76.0,72.0,69.3,69.1,33.8,29.0,38.4,37.7,52.0,62.3,49.6,73.3,31.6,32.5,31.2,38.2,41.0,34.3,29.8,33.3,41.1,41.4,44.1,24.0,21.5,19.7,19.7,5.9,7.8,4.0,4.0,81.3,70.5,82.1,82.1,8.2,11.5,11.5,82.7
50,Southwest Baltimore,79.3,82.7,76.0,83.7,80.7,28.8,24.9,24.8,23.8,23.9,57.8,51.2,58.5,55.8,132.7,15.8,81.4,72.0,77.2,65.2,4.1,6.3,173.8,167.8,259.8,244.1,46.4,50.1,0.5,0.4,0.7,0.7,147.3,47.3,15.7,36.9,24.9,31.4,59.1,9.5,56.9,60.1,700,698,697,697,3.0,3.6,3.7,1.6,0.0,0.1,0.1,452,442,478,519,3938,4148,3386,3425,443,431,465,500,9.3,10.9,9.0,7.7,20.6,18.6,23.8,24.3,33.4,34.4,36.6,43.2,324,326,344,378,18.1,18.2,19.2,21.1,2564,2689,1762,1916,11.1,1663,1371,1327,1364,813,676,644,697,1154,1027,945,897,1251,1271,1305,625,619,682,935,912,869,86.1,85.0,85.1,84.4,9.1,10.3,9.6,10.0,2.3,3.0,3.5,3.9,14.9,22.0,17.1,16.7,20.0,21.7,20.8,17.4,43.6,57.8,52.1,44.3,9.1,8.9,8.5,8.9,90.9,90.8,83.3,93.4,20.2,19.3,18.5,18.1,56.1,68.0,69.1,71.1,65.4,65.9,58.7,68.9,65.3,55.0,49.2,74.7,60.7,61.4,55.4,80.3,74.0,67.9,66.0,22.2,26.1,31.5,32.1,42.5,60.0,48.1,54.7,27.4,34.4,27.2,23.6,38.1,31.4,34.1,28.6,46.3,43.2,37.6,21.9,21.2,20.5,20.5,3.0,5.6,4.8,4.8,71.7,80.9,76.2,76.2,10.4,11.5,11.5,88.8
51,The Waverlies,70.6,78.4,80.4,81.6,75.2,18.4,18.6,20.6,18.6,17.9,59.8,59.7,61.8,56.6,44.2,10.7,12.0,61.1,68.7,65.7,4.1,4.9,95.6,104.7,53.3,47.1,64.9,55.7,0.4,0.8,0.3,0.4,28.8,66.7,12.9,20.4,16.2,16.2,60.2,23.5,47.8,55.6,172,172,173,173,6.4,6.4,6.9,11.0,0.0,0.0,0.0,170,164,184,201,1972,1955,2059,1733,163,157,175,191,4.7,9.1,9.8,6.5,18.2,15.2,21.2,22.9,33.5,32.9,36.4,39.8,114,113,127,134,14.7,14.6,16.4,17.2,858,842,910,972,5.9,465,504,470,444,284,283,267,262,468,426,395,393,475,456,435,266,261,252,380,377,375,95.1,93.1,93.6,92.8,1.6,3.7,2.8,3.2,1.4,2.0,2.6,3.0,10.5,20.4,13.6,17.3,13.0,19.4,13.1,8.0,39.7,43.2,38.2,37.9,8.5,7.8,8.1,6.6,83.4,83.3,75.2,85.0,16.3,15.2,15.6,15.7,64.4,74.1,78.4,81.7,69.2,75.6,66.0,81.7,62.8,65.1,67.0,60.6,69.8,76.7,61.8,71.8,69.8,73.6,74.2,23.8,35.2,48.8,30.5,51.2,64.1,76.3,61.0,35.6,37.9,37.5,34.1,45.9,30.1,38.1,34.1,51.0,50.4,48.0,20.5,19.4,17.4,17.4,3.0,3.3,4.2,4.2,75.6,82.5,77.6,77.6,8.2,9.1,9.1,88.5
52,Upton/Druid Heights,65.2,76.2,87.4,79.1,77.9,27.3,23.2,28.7,21.9,20.8,53.0,58.7,55.4,55.2,250.2,33.4,137.8,64.9,62.9,70.7,3.7,8.7,147.0,166.5,215.5,183.0,43.0,52.9,0.3,0.9,0.7,0.3,103.3,36.5,14.6,48.9,28.6,33.2,55.5,11.2,50.1,55.1,315,312,312,312,7.6,6.1,4.2,8.7,0.0,0.0,0.0,314,298,304,300,2747,2662,2885,2497,301,287,270,268,9.9,8.7,5.6,6.3,19.7,14.8,16.8,24.0,28.3,27.5,28.3,37.0,203,199,194,196,17.0,16.7,18.8,19.0,1151,1265,1243,1019,8.4,911,857,900,886,309,411,406,390,632,574,543,525,822,886,865,398,399,383,509,526,510,98.3,98.2,98.4,97.8,0.2,0.7,0.5,0.6,0.1,0.5,0.6,1.0,8.3,20.4,17.6,19.5,22.3,15.8,22.2,21.0,49.8,55.1,51.6,41.9,12.0,11.4,13.4,12.7,92.7,93.8,86.4,94.8,17.2,18.3,17.7,18.3,67.3,78.1,74.0,70.9,64.2,63.2,50.3,64.5,62.9,57.9,51.1,64.5,60.2,63.4,54.2,69.1,66.2,72.2,59.6,13.6,18.9,17.9,20.6,38.6,43.4,37.1,39.4,24.7,29.7,30.7,25.3,30.6,29.1,31.6,29.3,38.0,37.4,31.3,18.9,15.1,18.1,18.1,3.6,4.2,5.2,5.2,76.2,79.5,75.7,75.7,10.0,10.7,10.7,76.1
53,Washington Village/Pigtown,123.9,111.2,121.4,141.4,139.4,25.4,26.3,23.1,22.0,25.1,84.9,98.3,118.7,113.4,91.7,17.9,38.0,83.0,80.1,87.4,3.8,2.0,151.0,170.8,147.0,185.0,123.8,121.9,0.5,0.0,0.5,0.2,129.5,64.4,9.4,26.2,12.8,20.9,45.1,33.9,57.3,53.6,342,341,338,329,14.6,15.2,13.6,25.8,0.4,0.4,0.0,350,323,367,391,8327,5908,7153,7205,320,300,328,347,8.0,5.3,9.5,4.9,14.9,11.5,20.7,21.2,28.3,26.0,31.1,38.1,183,173,187,203,33.3,31.4,34.0,36.7,1619,3061,3647,3563,6.9,294,311,341,318,172,162,165,173,234,219,203,204,293,296,308,150,156,169,203,195,197,75.7,76.6,77.0,77.8,18.9,17.2,15.4,15.7,1.1,2.1,2.6,2.7,12.6,17.4,14.4,13.2,16.9,29.0,23.6,28.9,39.3,47.5,41.4,35.3,9.7,9.5,8.9,7.6,87.4,87.8,81.1,89.8,15.0,15.6,16.6,15.8,64.6,82.2,94.0,69.6,82.7,72.9,53.7,60.7,82.7,60.3,59.3,76.6,64.5,67.9,73.6,78.7,78.7,71.2,79.6,16.0,20.0,41.7,31.3,52.0,66.7,68.8,55.1,44.1,41.3,36.8,38.9,38.5,43.3,28.8,43.1,50.7,40.7,53.8,19.8,12.2,23.2,23.2,8.1,3.7,5.3,5.3,77.4,79.3,75.0,75.0,7.7,9.1,9.1,77.0
54,Westport/Mount Winans/Lakeland,78.5,79.8,76.6,73.7,71.2,19.5,18.3,17.7,20.6,16.0,61.5,58.9,51.4,54.8,41.9,4.7,15.1,52.8,63.1,58.6,1.7,2.8,113.8,104.1,38.2,57.0,73.7,79.6,0.0,0.6,0.1,0.7,60.7,59.4,11.4,29.1,16.1,31.5,60.3,8.2,64.5,60.9,253,253,253,253,13.4,11.1,4.3,8.3,0.1,0.0,0.3,247,243,244,250,3592,3612,3443,3544,229,224,226,229,11.3,7.8,6.1,6.0,20.6,16.0,16.4,21.2,33.2,28.8,29.1,38.4,147,146,147,134,20.6,20.5,20.6,18.8,1747,1668,1513,1446,7.5,499,645,620,639,300,300,296,324,439,384,377,368,583,593,610,269,285,302,344,361,350,82.4,77.4,74.7,73.6,6.3,7.5,7.1,7.6,9.9,14.2,17.0,17.8,13.6,17.5,11.0,16.6,18.0,14.7,14.9,16.0,39.0,45.3,42.4,38.0,6.1,6.6,6.7,8.0,88.0,87.0,82.2,91.2,18.2,17.5,15.9,15.5,75.8,69.7,86.3,88.0,76.5,81.3,67.2,85.9,69.5,60.7,68.4,88.9,56.1,63.9,63.4,81.9,66.7,76.9,74.3,36.0,41.2,44.3,36.0,53.0,65.2,62.1,65.6,33.9,37.7,31.9,35.2,38.3,36.2,38.5,36.8,49.2,48.1,47.6,30.1,18.2,19.5,19.5,3.6,3.6,3.6,3.6,80.5,83.1,77.4,77.4,7.8,7.5,7.5,97.1
55,Baltimore City,61.4,63.6,61.8,63.3,60.5,15.6,15.1,14.7,14.8,13.7,48.5,47.0,47.6,45.9,79.2,16.6,30.3,50.5,53.7,52.1,2.3,2.4,85.4,91.4,90.0,89.7,54.4,51.3,0.2,0.3,0.3,0.3,48.7,60.1,9.9,30.0,14.2,19.8,53.4,26.8,54.2,53.8,15828,15741,15609,15521,12.4,13.6,14.4,13.0,0.2,0.2,0.2,20243,19318,20403,22869,377092,342817,341911,340804,19321,18503,19265,21572,8.0,8.1,7.9,5.2,20.0,14.8,18.7,21.8,34.2,31.6,32.6,38.1,14116,13621,14095,15833,22.7,21.9,22.7,25.4,204596,191144,191306,183725,5.3,32735,33791,32791,33054,18778,17999,17463,17481,28653,26983,24707,23902,31234,31604,31853,16659,16986,16817,24311,23706,22950,87.3,85.9,85.1,84.5,7.3,8.2,8.1,8.1,2.9,4.1,4.8,5.6,12.3,16.6,12.7,13.1,16.9,16.7,15.1,13.3,39.7,42.1,40.4,35.6,8.7,7.9,8.3,7.7,83.2,82.8,76.2,85.1,17.3,16.3,16.5,16.2,66.2,73.1,77.6,77.5,73.3,73.6,68.1,72.5,69.4,65.5,64.9,70.9,64.7,70.4,65.0,80.4,76.1,75.8,73.6,31.0,35.1,39.5,37.9,52.0,61.2,58.8,62.0,37.3,36.2,34.0,32.5,42.7,36.2,36.4,36.7,48.8,45.4,44.5,25.9,22.5,21.0,21.0,3.9,4.2,4.1,4.1,78.4,80.3,80.3,80.3,7.2,7.1,7.1,87.9
